ucd_plate_id,local_plate_id,year,rad_id,rad_well,sequenced,somm,seqsomm,plate_barcode,plate_name,collection,samples,sample_type,extracted,extract_ul,notes,reads_30k,reads_10k
DNA-A-512,NA,2019,RAD-A-467,B02,2019-06-01T00:00:00Z,SOMM440,SOMM446,GCCAGT,SOMM446_GCCAGT,Peek,42,buccal swabs,Y,40,USFS-swabs from rasi and rabo,29,29
DNA-A-513,NA,2019,RAD-A-468,B03,2019-06-02T00:00:00Z,SOMM441,SOMM446,ATGGCT,SOMM446_ATGGCT,Peek,49,tissue,Y,40,"RABO from clavey/tuo, eggs, toes, tads",36,41
DNA-A-510,NA,2019,RAD-A-469,B04,2019-06-03T00:00:00Z,SOMM438,SOMM446,TGCGCT,SOMM446_TGCGCT,Rothstein,96,Bd swabs,Y,20,Bd Swabs,17,36
DNA-A-511,NA,2019,RAD-A-470,B05,2019-06-04T00:00:00Z,SOMM439,SOMM446,GACCCT,SOMM446_GACCCT,WSU,72,"buccal, tissue",Y,40,"GOLDBERG 2017 USFS plus loose 2018 (11 samples, F08 - H09)",44,55
DNA-A-610,DNA-PEEK,2019,RAD-A-525,B06,2020-10-01T00:00:00Z,SOMM493,NA,ACACCT,NA,USFS,58,tissue & swabs,Y,NA,"sent on Dec 20, in Miller lab in box on counter by sonicator",NA,NA
DNA-A-561,JJ01,2019,RAD-A-514,A07,2020-10-02T00:00:00Z,SOMM482,NA,CTCATT,NA,Jaeger,96,tissue,Y,NA,brought by Jaeger 2019-07-05,NA,NA
DNA-A-602,JJ02,2019,RAD-A-517,A10,2020-10-03T00:00:00Z,SOMM485,NA,GTATGT,NA,Jaeger,96,tissue,Y,NA,brought by Jaeger 2019-07-06,NA,NA
DNA-A-603,JJ03,2019,RAD-A-518,A11,2020-10-04T00:00:00Z,SOMM486,NA,CATGGT,NA,Jaeger,96,tissue,Y,NA,brought by Jaeger 2019-07-07,NA,NA
DNA-A-604,JJ04,2019,RAD-A-519,A12,2020-10-05T00:00:00Z,SOMM487,NA,GGGGGT,NA,Jaeger,96,tissue,Y,NA,brought by Jaeger 2019-07-08,NA,NA
DNA-A-605,JJ05,2019,RAD-A-520,B01,2020-10-06T00:00:00Z,SOMM488,NA,AAGAGT,NA,Jaeger,96,tissue,Y,NA,brought by Jaeger 2019-07-09,NA,NA
DNA-A-606,JJ06,2019,RAD-A-521,B02,2020-10-07T00:00:00Z,SOMM489,NA,GCCAGT,NA,Jaeger,87,tissue,Y,NA,brought by Jaeger 2019-07-10,NA,NA
DNA-A-607,JJ07,2019,RAD-A-522,B03,2020-10-08T00:00:00Z,SOMM490,NA,ATGGCT,NA,Jaeger,96,DNA,Y,NA,brought by Jaeger 2019-07-11,NA,NA
DNA-A-608,JJ08,2019,RAD-A-523,B04,2020-10-09T00:00:00Z,SOMM491,NA,TGCGCT,NA,Jaeger,96,DNA,Y,NA,brought by Jaeger 2019-07-12,NA,NA
DNA-A-609,JJ09,2019,RAD-A-524,B05,2020-10-10T00:00:00Z,SOMM492,NA,GACCCT,NA,Jaeger,72,DNA,Y,NA,brought by Jaeger 2019-07-13,NA,NA
DNA-A-596,TUO-DA,2020,RAD-A-515,A08,2020-10-10T00:00:00Z,SOMM483,NA,TCTTGT,NA,Ashton,7,fin clips,Y,NA,Lane 1,NA,NA
DNA-A-597,USGS-DA,2020,RAD-A-516,A09,2020-10-11T00:00:00Z,SOMM484,NA,CGCTGT,NA,Kleeman-Ashton,11,buccal,Y,NA,"Arrived via Pat Kleeman USGS, Oct 24, 2019. Kern Samples (n =5), TUO samples (n=6)",NA,NA
DNA-A-643,NLF-Goldberg,2020,RAD-A-534,C03,2020-10-01T00:00:00Z,SOMM502,NA,CGATTG,NA,Goldberg,96,tissue,Y,NA,From Goldberg 2020,NA,NA
